sequence,start,end,direction
0.863013698630137
0.863013698630137
0.863013698630137
0.863013698630137
